{"bandit_state": [[1.0, 6.0], [3.664057791016839, 12.0], [7.42114123159413, 14.0], [5.878270058426767, 17.0], [1.0, 6.0], [10.23172388725378, 21.0], [4.47833482302956, 13.0], [9.236464232526785, 17.0], [5.285265703565343, 15.0], [4.78865643308249, 11.0], [3.445561741114243, 10.0], [8.914829014612597, 19.0], [6.293638088751348, 17.0], [7.129624717464047, 16.0], [7.589979856498485, 17.0], [7.0069652710742565, 19.0], [7.35356233215672, 16.0], [8.664374965505072, 18.0], [8.508844819004524, 18.0], [1.7223703646262285, 8.0], [8.852817013674791, 19.0], [7.273889361648954, 16.0], [2.3307811854731764, 10.0], [7.663824212710438, 19.0], [5.993116164494672, 17.0], [8.179527040271527, 18.0], [1.0, 7.0], [5.296304006679407, 15.0], [1.0, 8.0], [10.368951884444096, 20.0], [8.467093427663542, 19.0], [3.0743949896487575, 13.0], [5.325752541080808, 14.0], [4.026709421138812, 12.0], [4.960364253219625, 15.0], [10.108875545468706, 19.0], [1.0, 6.0], [6.752467070888089, 19.0], [1.0, 8.0], [6.263122110071248, 16.0], [4.798807169174375, 13.0], [7.565327247791131, 17.0], [7.632489565646313, 17.0], [10.943773692496855, 21.0], [1.0, 7.0], [4.010946435529424, 14.0], [9.87406550877721, 18.0], [5.4100489018473645, 13.0], [5.576047738282285, 14.0], [3.743144464099979, 13.0], [2.733189676040131, 9.0], [1.0, 6.0], [6.544695114823115, 16.0], [1.7610807947180476, 8.0], [2.423433715167219, 10.0], [3.412544308531902, 12.0], [2.666933924495696, 9.0], [1.0, 7.0], [1.0, 8.0], [6.179767154270046, 17.0], [1.0, 8.0], [8.533202470446327, 17.0], [2.6058325116905734, 10.0], [8.681636545623377, 21.0], [9.030199056677981, 19.0], [6.822295664605904, 17.0], [8.608572648547796, 21.0], [9.030594855427523, 19.0], [6.201279106064669, 17.0], [1.0, 6.0], [1.0, 7.0], [7.618864570160881, 17.0], [1.607438470362573, 8.0], [7.6158902778221, 17.0], [4.123899299562568, 9.0], [4.960839180419372, 16.0], [7.626229238137292, 16.0], [2.953521987502091, 11.0], [6.389587918267903, 13.0], [4.904068552429382, 15.0], [8.968176462745113, 20.0], [7.740028937347396, 18.0], [1.0, 8.0], [1.0, 6.0], [4.0110699309437985, 11.0], [1.0, 7.0], [1.615629451410789, 10.0], [3.9099196307432327, 10.0], [5.614302446841807, 15.0], [5.00269320420748, 14.0], [4.449293793256221, 13.0], [2.9600655717786823, 12.0], [9.459991891729985, 18.0], [5.803949740446688, 17.0], [8.513654922473116, 20.0], [9.093335335536892, 17.0], [1.0, 7.0], [7.4506632827461585, 18.0], [6.958832080792696, 17.0], [1.0, 7.0]], "total_reward": 720}